fileID,chainID,arms
Donner_g_ch1_g1_compr.mp4,ch1g1,b
Donner_g_ch1_g2_compr.mp4,ch1g2,b
Donner_g_ch1_g3_compr.mp4,ch1g3,b
Donner_g_ch1_g4_compr.mp4,ch1g4,b
Donner_g_ch1_g5_compr.mp4,ch1g5,b
Donner_g_ch1_g6_compr.mp4,ch1g6,b
Donner_g_ch1_g7_compr.mp4,ch1g7,b
Donner_g_ch1_g8_compr.mp4,ch1g8,b
Donner_g_ch1_g9_compr.mp4,ch1g9,b
Donner_g_ch1_g10_compr.mp4,ch1g10,b
Donner_g_ch1_g11_compr.mp4,ch1g11,b
Donner_g_ch1_g12_compr.mp4,ch1g12,b
Donner_g_ch1_g13_compr.mp4,ch1g13,b
Donner_g_ch1_g14_compr.mp4,ch1g14,b
Donner_g_ch1_g15_compr.mp4,ch1g15,b
Donner_g_ch1_g16_compr.mp4,ch1g16,b
Donner_g_ch1_g17_compr.mp4,ch1g17,b
Donner_g_ch1_g18_compr.mp4,ch1g18,b
Donner_g_ch1_g19_compr.mp4,ch1g19,b
Donner_g_ch1_g20_compr.mp4,ch1g20,b
Donner_g_ch2_g1_compr.mp4,ch2g1,b
Donner_g_ch2_g2_compr.mp4,ch2g2,b
Donner_g_ch2_g3_compr.mp4,ch2g3,b
Donner_g_ch2_g4_compr.mp4,ch2g4,b
Donner_g_ch2_g5_compr.mp4,ch2g5,b
Donner_g_ch2_g6_compr.mp4,ch2g6,b
Donner_g_ch2_g7_compr.mp4,ch2g7,b
Donner_g_ch2_g8_compr.mp4,ch2g8,b
Donner_g_ch2_g9_compr.mp4,ch2g9,b
Donner_g_ch2_g10_compr.mp4,ch2g10,b
Donner_g_ch2_g11_compr.mp4,ch2g11,b
Donner_g_ch2_g12_compr.mp4,ch2g12,b
Donner_g_ch2_g13_compr.mp4,ch2g13,b
Donner_g_ch2_g14_compr.mp4,ch2g14,b
Donner_g_ch2_g15_compr.mp4,ch2g15,b
Donner_g_ch2_g16_compr.mp4,ch2g16,b
Donner_g_ch2_g17_compr.mp4,ch2g17,b
Donner_g_ch2_g18_compr.mp4,ch2g18,b
Donner_g_ch2_g19_compr.mp4,ch2g19,b
Donner_g_ch2_g20_compr.mp4,ch2g20,b
Donner_g_ch3_g1_compr.mp4,ch3g1,b
Donner_g_ch3_g2_compr.mp4,ch3g2,b
Donner_g_ch3_g3_compr.mp4,ch3g3,b
Donner_g_ch3_g4_compr.mp4,ch3g4,b
Donner_g_ch3_g5_compr.mp4,ch3g5,b
Donner_g_ch3_g6_compr.mp4,ch3g6,b
Donner_g_ch3_g7_compr.mp4,ch3g7,b
Donner_g_ch3_g8_compr.mp4,ch3g8,b
Donner_g_ch3_g9_compr.mp4,ch3g9,b
Donner_g_ch3_g10_compr.mp4,ch3g10,b
Donner_g_ch3_g11_compr.mp4,ch3g11,b
Donner_g_ch3_g12_compr.mp4,ch3g12,b
Donner_g_ch3_g13_compr.mp4,ch3g13,b
Donner_g_ch3_g14_compr.mp4,ch3g14,b
Donner_g_ch3_g15_compr.mp4,ch3g15,b
Donner_g_ch3_g16_compr.mp4,ch3g16,b
Donner_g_ch3_g17_compr.mp4,ch3g17,b
Donner_g_ch3_g18_compr.mp4,ch3g18,b
Donner_g_ch3_g19_compr.mp4,ch3g19,b
Donner_g_ch3_g20_compr.mp4,ch3g20,b
kalt_g_ch1_g1_compr.mp4,ch1g1,b
kalt_g_ch1_g2_compr.mp4,ch1g2,b
kalt_g_ch1_g3_compr.mp4,ch1g3,b
kalt_g_ch1_g4_compr.mp4,ch1g4,b
kalt_g_ch1_g5_compr.mp4,ch1g5,b
kalt_g_ch1_g6_compr.mp4,ch1g6,b
kalt_g_ch1_g7_compr.mp4,ch1g7,b
kalt_g_ch1_g8_compr.mp4,ch1g8,b
kalt_g_ch1_g9_compr.mp4,ch1g9,b
kalt_g_ch1_g10_compr.mp4,ch1g10,b
kalt_g_ch1_g11_compr.mp4,ch1g11,b
kalt_g_ch1_g12_compr.mp4,ch1g12,b
kalt_g_ch1_g13_compr.mp4,ch1g13,b
kalt_g_ch1_g14_compr.mp4,ch1g14,b
kalt_g_ch1_g15_compr.mp4,ch1g15,b
kalt_g_ch1_g16_compr.mp4,ch1g16,b
kalt_g_ch1_g17_compr.mp4,ch1g17,b
kalt_g_ch1_g18_compr.mp4,ch1g18,b
kalt_g_ch1_g19_compr.mp4,ch1g19,b
kalt_g_ch1_g20_compr.mp4,ch1g20,b
kalt_g_ch2_g1_compr.mp4,ch2g1,b
kalt_g_ch2_g2_compr.mp4,ch2g2,b
kalt_g_ch2_g3_compr.mp4,ch2g3,b
kalt_g_ch2_g4_compr.mp4,ch2g4,b
kalt_g_ch2_g5_compr.mp4,ch2g5,b
kalt_g_ch2_g6_compr.mp4,ch2g6,b
kalt_g_ch2_g7_compr.mp4,ch2g7,b
kalt_g_ch2_g8_compr.mp4,ch2g8,b
kalt_g_ch2_g9_compr.mp4,ch2g9,b
kalt_g_ch2_g10_compr.mp4,ch2g10,b
kalt_g_ch2_g11_compr.mp4,ch2g11,b
kalt_g_ch2_g12_compr.mp4,ch2g12,b
kalt_g_ch2_g13_compr.mp4,ch2g13,b
kalt_g_ch2_g14_compr.mp4,ch2g14,b
kalt_g_ch2_g15_compr.mp4,ch2g15,b
kalt_g_ch2_g16_compr.mp4,ch2g16,b
kalt_g_ch2_g17_compr.mp4,ch2g17,b
kalt_g_ch2_g18_compr.mp4,ch2g18,b
kalt_g_ch2_g19_compr.mp4,ch2g19,b
kalt_g_ch2_g20_compr.mp4,ch2g20,b
kalt_g_ch3_g1_compr.mp4,ch3g1,b
kalt_g_ch3_g2_compr.mp4,ch3g2,b
kalt_g_ch3_g3_compr.mp4,ch3g3,b
kalt_g_ch3_g4_compr.mp4,ch3g4,b
kalt_g_ch3_g5_compr.mp4,ch3g5,b
kalt_g_ch3_g6_compr.mp4,ch3g6,b
kalt_g_ch3_g7_compr.mp4,ch3g7,b
kalt_g_ch3_g8_compr.mp4,ch3g8,b
kalt_g_ch3_g9_compr.mp4,ch3g9,b
kalt_g_ch3_g10_compr.mp4,ch3g10,b
kalt_g_ch3_g11_compr.mp4,ch3g11,b
kalt_g_ch3_g12_compr.mp4,ch3g12,b
kalt_g_ch3_g13_compr.mp4,ch3g13,b
kalt_g_ch3_g14_compr.mp4,ch3g14,b
kalt_g_ch3_g15_compr.mp4,ch3g15,b
kalt_g_ch3_g16_compr.mp4,ch3g16,b
kalt_g_ch3_g17_compr.mp4,ch3g17,b
kalt_g_ch3_g18_compr.mp4,ch3g18,b
kalt_g_ch3_g19_compr.mp4,ch3g19,b
kalt_g_ch3_g20_compr.mp4,ch3g20,b
langsam_g_ch1_g1_compr.mp4,ch1g1,b
langsam_g_ch1_g2_compr.mp4,ch1g2,b
langsam_g_ch1_g3_compr.mp4,ch1g3,b
langsam_g_ch1_g4_compr.mp4,ch1g4,b
langsam_g_ch1_g5_compr.mp4,ch1g5,b
langsam_g_ch1_g6_compr.mp4,ch1g6,b
langsam_g_ch1_g7_compr.mp4,ch1g7,b
langsam_g_ch1_g8_compr.mp4,ch1g8,b
langsam_g_ch1_g9_compr.mp4,ch1g9,b
langsam_g_ch1_g10_compr.mp4,ch1g10,b
langsam_g_ch1_g11_compr.mp4,ch1g11,b
langsam_g_ch1_g12_compr.mp4,ch1g12,b
langsam_g_ch1_g13_compr.mp4,ch1g13,b
langsam_g_ch1_g14_compr.mp4,ch1g14,b
langsam_g_ch1_g15_compr.mp4,ch1g15,b
langsam_g_ch1_g16_compr.mp4,ch1g16,b
langsam_g_ch1_g17_compr.mp4,ch1g17,b
langsam_g_ch1_g18_compr.mp4,ch1g18,b
langsam_g_ch1_g19_compr.mp4,ch1g19,b
langsam_g_ch1_g20_compr.mp4,ch1g20,b
langsam_g_ch2_g1_compr.mp4,ch2g1,b
langsam_g_ch2_g2_compr.mp4,ch2g2,b
langsam_g_ch2_g3_compr.mp4,ch2g3,b
langsam_g_ch2_g4_compr.mp4,ch2g4,b
langsam_g_ch2_g5_compr.mp4,ch2g5,b
langsam_g_ch2_g6_compr.mp4,ch2g6,b
langsam_g_ch2_g7_compr.mp4,ch2g7,b
langsam_g_ch2_g8_compr.mp4,ch2g8,b
langsam_g_ch2_g9_compr.mp4,ch2g9,b
langsam_g_ch2_g10_compr.mp4,ch2g10,b
langsam_g_ch2_g11_compr.mp4,ch2g11,b
langsam_g_ch2_g12_compr.mp4,ch2g12,b
langsam_g_ch2_g13_compr.mp4,ch2g13,b
langsam_g_ch2_g14_compr.mp4,ch2g14,b
langsam_g_ch2_g15_compr.mp4,ch2g15,b
langsam_g_ch2_g16_compr.mp4,ch2g16,b
langsam_g_ch2_g17_compr.mp4,ch2g17,b
langsam_g_ch2_g18_compr.mp4,ch2g18,b
langsam_g_ch2_g19_compr.mp4,ch2g19,b
langsam_g_ch2_g20_compr.mp4,ch2g20,b
langsam_g_ch3_g1_compr.mp4,ch3g1,b
langsam_g_ch3_g2_compr.mp4,ch3g2,b
langsam_g_ch3_g3_compr.mp4,ch3g3,b
langsam_g_ch3_g4_compr.mp4,ch3g4,b
langsam_g_ch3_g5_compr.mp4,ch3g5,b
langsam_g_ch3_g6_compr.mp4,ch3g6,b
langsam_g_ch3_g7_compr.mp4,ch3g7,b
langsam_g_ch3_g8_compr.mp4,ch3g8,b
langsam_g_ch3_g9_compr.mp4,ch3g9,b
langsam_g_ch3_g10_compr.mp4,ch3g10,b
langsam_g_ch3_g11_compr.mp4,ch3g11,b
langsam_g_ch3_g12_compr.mp4,ch3g12,b
langsam_g_ch3_g13_compr.mp4,ch3g13,b
langsam_g_ch3_g14_compr.mp4,ch3g14,b
langsam_g_ch3_g15_compr.mp4,ch3g15,b
langsam_g_ch3_g16_compr.mp4,ch3g16,b
langsam_g_ch3_g17_compr.mp4,ch3g17,b
langsam_g_ch3_g18_compr.mp4,ch3g18,b
langsam_g_ch3_g19_compr.mp4,ch3g19,b
langsam_g_ch3_g20_compr.mp4,ch3g20,b
leise_g_ch1_g1_compr.mp4,ch1g1,r
leise_g_ch1_g2_compr.mp4,ch1g2,r
leise_g_ch1_g3_compr.mp4,ch1g3,r
leise_g_ch1_g4_compr.mp4,ch1g4,l
leise_g_ch1_g5_compr.mp4,ch1g5,r
leise_g_ch1_g6_compr.mp4,ch1g6,l
leise_g_ch1_g7_compr.mp4,ch1g7,l
leise_g_ch1_g8_compr.mp4,ch1g8,r
leise_g_ch1_g9_compr.mp4,ch1g9,l
leise_g_ch1_g10_compr.mp4,ch1g10,r
leise_g_ch1_g11_compr.mp4,ch1g11,r
leise_g_ch1_g12_compr.mp4,ch1g12,r
leise_g_ch1_g13_compr.mp4,ch1g13,r
leise_g_ch1_g14_compr.mp4,ch1g14,r
leise_g_ch1_g15_compr.mp4,ch1g15,r
leise_g_ch1_g16_compr.mp4,ch1g16,b
leise_g_ch1_g17_compr.mp4,ch1g17,l
leise_g_ch1_g18_compr.mp4,ch1g18,r
leise_g_ch1_g19_compr.mp4,ch1g19,r
leise_g_ch1_g20_compr.mp4,ch1g20,r
leise_g_ch2_g1_compr.mp4,ch2g1,r
leise_g_ch2_g2_compr.mp4,ch2g2,l
leise_g_ch2_g3_compr.mp4,ch2g3,r
leise_g_ch2_g4_compr.mp4,ch2g4,r
leise_g_ch2_g5_compr.mp4,ch2g5,r
leise_g_ch2_g6_compr.mp4,ch2g6,r
leise_g_ch2_g7_compr.mp4,ch2g7,r
leise_g_ch2_g8_compr.mp4,ch2g8,r
leise_g_ch2_g9_compr.mp4,ch2g9,r
leise_g_ch2_g10_compr.mp4,ch2g10,r
leise_g_ch2_g11_compr.mp4,ch2g11,l
leise_g_ch2_g12_compr.mp4,ch2g12,r
leise_g_ch2_g13_compr.mp4,ch2g13,r
leise_g_ch2_g14_compr.mp4,ch2g14,r
leise_g_ch2_g15_compr.mp4,ch2g15,r
leise_g_ch2_g16_compr.mp4,ch2g16,r
leise_g_ch2_g17_compr.mp4,ch2g17,r
leise_g_ch2_g18_compr.mp4,ch2g18,l
leise_g_ch2_g19_compr.mp4,ch2g19,r
leise_g_ch2_g20_compr.mp4,ch2g20,l
leise_g_ch3_g1_compr.mp4,ch3g1,r
leise_g_ch3_g2_compr.mp4,ch3g2,r
leise_g_ch3_g3_compr.mp4,ch3g3,r
leise_g_ch3_g4_compr.mp4,ch3g4,r
leise_g_ch3_g5_compr.mp4,ch3g5,r
leise_g_ch3_g6_compr.mp4,ch3g6,b
leise_g_ch3_g7_compr.mp4,ch3g7,b
leise_g_ch3_g8_compr.mp4,ch3g8,b
leise_g_ch3_g9_compr.mp4,ch3g9,b
leise_g_ch3_g10_compr.mp4,ch3g10,r
leise_g_ch3_g11_compr.mp4,ch3g11,r
leise_g_ch3_g12_compr.mp4,ch3g12,r
leise_g_ch3_g13_compr.mp4,ch3g13,r
leise_g_ch3_g14_compr.mp4,ch3g14,r
leise_g_ch3_g15_compr.mp4,ch3g15,r
leise_g_ch3_g16_compr.mp4,ch3g16,r
leise_g_ch3_g17_compr.mp4,ch3g17,r
leise_g_ch3_g18_compr.mp4,ch3g18,r
leise_g_ch3_g19_compr.mp4,ch3g19,r
leise_g_ch3_g20_compr.mp4,ch3g20,r
rennen_g_ch1_g1_compr.mp4,ch1g1,b
rennen_g_ch1_g2_compr.mp4,ch1g2,b
rennen_g_ch1_g3_compr.mp4,ch1g3,b
rennen_g_ch1_g4_compr.mp4,ch1g4,b
rennen_g_ch1_g5_compr.mp4,ch1g5,b
rennen_g_ch1_g6_compr.mp4,ch1g6,b
rennen_g_ch1_g7_compr.mp4,ch1g7,b
rennen_g_ch1_g8_compr.mp4,ch1g8,b
rennen_g_ch1_g9_compr.mp4,ch1g9,b
rennen_g_ch1_g10_compr.mp4,ch1g10,b
rennen_g_ch1_g11_compr.mp4,ch1g11,b
rennen_g_ch1_g12_compr.mp4,ch1g12,b
rennen_g_ch1_g13_compr.mp4,ch1g13,b
rennen_g_ch1_g14_compr.mp4,ch1g14,b
rennen_g_ch1_g15_compr.mp4,ch1g15,b
rennen_g_ch1_g16_compr.mp4,ch1g16,b
rennen_g_ch1_g17_compr.mp4,ch1g17,b
rennen_g_ch1_g18_compr.mp4,ch1g18,b
rennen_g_ch1_g19_compr.mp4,ch1g19,b
rennen_g_ch1_g20_compr.mp4,ch1g20,b
rennen_g_ch2_g1_compr.mp4,ch2g1,b
rennen_g_ch2_g2_compr.mp4,ch2g2,b
rennen_g_ch2_g3_compr.mp4,ch2g3,b
rennen_g_ch2_g4_compr.mp4,ch2g4,b
rennen_g_ch2_g5_compr.mp4,ch2g5,b
rennen_g_ch2_g6_compr.mp4,ch2g6,b
rennen_g_ch2_g7_compr.mp4,ch2g7,b
rennen_g_ch2_g8_compr.mp4,ch2g8,b
rennen_g_ch2_g9_compr.mp4,ch2g9,b
rennen_g_ch2_g10_compr.mp4,ch2g10,b
rennen_g_ch2_g11_compr.mp4,ch2g11,b
rennen_g_ch2_g12_compr.mp4,ch2g12,b
rennen_g_ch2_g13_compr.mp4,ch2g13,b
rennen_g_ch2_g14_compr.mp4,ch2g14,b
rennen_g_ch2_g15_compr.mp4,ch2g15,b
rennen_g_ch2_g16_compr.mp4,ch2g16,b
rennen_g_ch2_g17_compr.mp4,ch2g17,b
rennen_g_ch2_g18_compr.mp4,ch2g18,b
rennen_g_ch2_g19_compr.mp4,ch2g19,b
rennen_g_ch2_g20_compr.mp4,ch2g20,b
rennen_g_ch3_g1_compr.mp4,ch3g1,b
rennen_g_ch3_g2_compr.mp4,ch3g2,b
rennen_g_ch3_g3_compr.mp4,ch3g3,b
rennen_g_ch3_g4_compr.mp4,ch3g4,b
rennen_g_ch3_g5_compr.mp4,ch3g5,b
rennen_g_ch3_g6_compr.mp4,ch3g6,b
rennen_g_ch3_g7_compr.mp4,ch3g7,b
rennen_g_ch3_g8_compr.mp4,ch3g8,b
rennen_g_ch3_g9_compr.mp4,ch3g9,b
rennen_g_ch3_g10_compr.mp4,ch3g10,b
rennen_g_ch3_g11_compr.mp4,ch3g11,b
rennen_g_ch3_g12_compr.mp4,ch3g12,b
rennen_g_ch3_g13_compr.mp4,ch3g13,b
rennen_g_ch3_g14_compr.mp4,ch3g14,b
rennen_g_ch3_g15_compr.mp4,ch3g15,b
rennen_g_ch3_g16_compr.mp4,ch3g16,b
rennen_g_ch3_g17_compr.mp4,ch3g17,b
rennen_g_ch3_g18_compr.mp4,ch3g18,b
rennen_g_ch3_g19_compr.mp4,ch3g19,b
rennen_g_ch3_g20_compr.mp4,ch3g20,b